Id,Key word
2011/01/N/HS6/02370,pamięć autobiograficzna
2011/01/N/HS6/02370,mimowolne wspomnienia autobiograficzne
2011/01/N/HS6/02370,pamięć mimowolna
2011/01/N/HS6/02370,"poznawcze mechanizmy pamięci,"
2011/01/N/HS6/03897,inteligencja
2011/01/N/HS6/03897,profesjonaliści
2011/01/N/HS6/03897,menadżerowie
2011/01/N/HS6/03897,styl życia
2011/01/N/HS6/03897,system wartości
2011/01/N/HS6/03897,etos
2011/01/N/HS6/03897,klasa średnia
2011/01/N/HS4/01423,migracje piłkarzy piłka nożna sport Unia Europejska prawo Bosmana
2011/01/N/HS5/01393,cyberbezpieczeństwo
2011/01/N/HS5/01393,cyberterroryzm
2011/01/N/HS5/01393,Stany Zjednoczone Ameryki
2011/01/N/HS5/01393,bezpieczeństwo międzynarodowe
